num_reg,durasi_pkb_ke_ib,ib_ke,jarak_ib_sebelumnya,ib_hasil,status
 /I/AJ,92,2,20,1,Expected
 /I/AN,92,2,70,0,Late
 /I/AO,92,2,31,0,Late
 /I/AP,92,3,18,1,Expected
 /II/AH,92,2,33,1,Expected
 /II/AL,92,2,33,1,Expected
 /II/AL,92,2,29,1,Expected
 /II/AN,92,2,93,1,Expected
 /II/AO,92,2,169,0,Late
 /II/AO,92,2,19,1,Expected
 /II/AO,92,3,31,1,Expected
 /II/AP,92,3,76,1,Expected
 /III/AK,92,2,93,1,Expected
 /III/AK,92,2,20,1,Expected
 /III/AL,92,3,24,0,Late
 /III/AL,92,4,46,1,Expected
 /III/AL,92,2,46,1,Expected
 /III/AL,92,2,57,1,Expected
 /III/AL,92,2,30,1,Expected
 /III/AN,92,2,52,1,Expected
 /III/AO,92,2,67,1,Expected
 /III/AO,92,2,82,0,Late
 /III/AP,92,2,102,1,Expected
 /III/AP,92,4,48,1,Expected
 /III/AP,92,2,45,1,Expected
 /IV/AL,92,2,33,1,Expected
 /IV/AM,92,3,33,1,Expected
 /IV/AO,92,3,21,0,Late
 /IV/AO,92,2,85,1,Expected
 /IV/AQ,92,2,32,1,Expected
 /IX/AC,92,2,22,0,Late
 /IX/AE,92,2,51,0,Late
 /IX/AF,92,2,21,0,Late
 /IX/AK,92,3,22,1,Expected
 /IX/AM,92,2,22,1,Expected
 /IX/AN,92,2,257,1,Expected
 /IX/AO,92,2,200,1,Expected
 /IX/AP,92,2,12,0,Late
 /IX/AP,92,2,79,1,Expected
 /IX/AP,92,2,40,0,Late
 /V/AJ,92,2,22,1,Expected
 /V/AN,92,2,38,0,Late
 /V/AN,92,3,62,0,Late
 /V/AO,92,2,19,0,Late
 /V/AO,92,2,43,1,Expected
 /V/AO,92,2,22,1,Expected
 /V/AO,92,2,27,0,Late
 /VI/AJ,92,2,31,0,Late
 /VI/AN,92,2,31,1,Expected
 /VI/AN,92,2,46,1,Expected
 /VI/AO,92,2,21,1,Expected
 /VI/AO,92,2,19,0,Late
 /VI/AP,92,2,99,1,Expected
 /VI/AP,92,2,10,1,Expected
 /VI/AP,92,3,25,0,Late
 /VI/AQ,92,2,50,1,Expected
 /VII/AI,92,2,17,1,Expected
 /VII/AL,92,2,29,1,Expected
 /VII/AM,92,2,59,0,Late
 /VII/AO,92,3,36,1,Expected
 /VII/AQ,92,3,21,0,Late
 /VIII/AJ,92,2,29,1,Expected
 /VIII/AJ,92,2,48,0,Late
 /VIII/AL,92,2,91,1,Expected
 /VIII/AN,92,2,22,1,Expected
 /VIII/AP,92,2,51,1,Expected
 /VIII/AP,92,3,64,1,Expected
 /VIII/AQ,92,2,39,1,Expected
 /X/AM,92,2,75,1,Expected
 /X/AO,92,3,92,0,Late
 /X/AP,92,2,49,1,Expected
 /XI/AH,92,2,15,1,Expected
 /XI/AI,92,2,41,1,Expected
 /XI/AM,92,2,32,1,Expected
 /XI/AO,92,2,7,1,Expected
 /XII/AL,92,2,26,1,Expected
 /XII/AL,91,4,43,1,Expected
 /XII/AN,92,2,20,1,Expected
 /XII/AN,92,2,40,1,Expected
 /XII/AN,92,2,22,1,Expected
 /XII/AN,92,3,50,1,Expected
 /XII/AN,92,2,19,1,Expected
 /XII/AO,92,3,42,1,Expected
 /XII/K,92,2,62,1,Expected
 /XIIAN,92,3,24,1,Expected
 5/I/AO,92,3,23,1,Expected
 IX/AP,92,2,58,1,Expected
 IXAN,92,2,79,0,Late
/XI/AN,92,2,24,0,Late
001/I/AM,92,4,43,0,Late
002/I/AN,92,2,24,1,Expected
004/I/AL,92,2,33,0,Late
004/I/AN,92,3,19,1,Expected
004/I/AN,92,2,75,1,Expected
005/I/AN,90,2,47,1,Expected
007/I/AI,92,2,24,1,Expected
007/I/AL,92,2,31,1,Expected
008/I/AO,92,2,43,0,Late
008/I/AP,92,2,19,1,Expected
009/I/AJ,90,3,42,0,Late
01/I/AO,92,2,21,1,Expected
010/I/AI,90,3,43,1,Expected
013/I/AH,92,3,8,1,Expected
014/I/AJ,92,2,39,1,Expected
014/I/AK,92,3,23,0,Late
014/I/AK,92,2,48,1,Expected
015/I/AI,92,2,23,1,Expected
016/I/AM,92,2,58,1,Expected
016/I/AN,92,2,24,0,Late
017/I/AI,92,2,21,1,Expected
017/I/AN,92,3,6,0,Late
018/I/AF,92,2,22,1,Expected
018/I/AM,92,2,20,1,Expected
018/II/AL,90,3,12,1,Expected
019/I/AO,92,3,19,0,Late
019/V/AH,92,2,83,1,Expected
02/I/AK,92,2,53,0,Late
02/I/AN,90,2,69,0,Late
020/I/AN,92,3,130,1,Expected
021/I/AL,92,2,55,1,Expected
022/I/AJ,92,2,48,1,Expected
022/I/AK,90,3,50,1,Expected
022/I/AO,90,2,68,1,Expected
024/I/AI,92,2,20,0,Late
024/I/AM,92,2,21,1,Expected
025/I/AF,92,2,41,1,Expected
027/I/AL,92,3,16,0,Late
028/II/AN,92,2,19,1,Expected
029/I/AG,98,4,11,1,Expected
029/I/AK,92,2,72,1,Expected
029/V/AK,92,2,17,0,Late
03/I/AJ,92,2,59,0,Late
031/I/AF,92,3,47,0,Late
034/I/AI,92,2,51,1,Expected
034/I/AI,90,3,31,1,Expected
034/I/AO,92,3,49,1,Expected
035/I/AD,92,2,81,1,Expected
036/I/AD,92,2,50,1,Expected
036/I/AJ,92,2,35,1,Expected
036/II/AN,90,2,35,1,Expected
036/II/AO,92,2,170,1,Expected
038/II/AL,90,2,42,1,Expected
039/II/AO,92,2,106,0,Late
04/I/AJ,92,2,45,0,Late
04/I/AM,122,2,78,1,Expected
041/I/AI,92,2,82,1,Expected
041/II/AK,91,3,80,1,Expected
042/I/AI,92,2,23,1,Expected
044/II/AN,92,3,25,1,Expected
044/II/AP,92,2,34,1,Expected
046/I/AJ,92,2,63,1,Expected
046/II/AM,92,2,20,1,Expected
049/I/AK,92,2,50,1,Expected
049/II/AP,92,3,40,1,Expected
05/I/AH,92,2,31,1,Expected
05/I/AL,92,2,22,1,Expected
05/I/AL,92,2,25,1,Expected
05/I/AL,92,3,59,1,Expected
05/I/AM,92,2,24,1,Expected
050/II/AM,92,2,69,1,Expected
052/II/AM,92,2,66,1,Expected
052/II/AM,92,2,71,1,Expected
054/II/AJ,92,2,21,1,Expected
054/II/AN,92,3,41,1,Expected
056/XI/AI,92,2,28,1,Expected
057/I/AI,92,4,20,1,Expected
057/IV/AF,92,2,60,1,Expected
058/I/AK,92,4,40,1,Expected
06/I/AJ,92,2,40,1,Expected
060/I/AK,92,2,71,1,Expected
062/I/AG,90,2,17,1,Expected
062/II/AH,92,3,12,1,Expected
062/III/AM,92,2,22,1,Expected
063/I/AE,92,2,70,0,Late
063/III/AI,92,3,56,1,Expected
064/II/AD,92,3,62,1,Expected
064/IV/AP,92,2,17,1,Expected
066/II/AK,92,2,59,1,Expected
069/II/AM,92,2,49,1,Expected
069/III/AO,92,3,59,0,Late
07/I/AF,92,2,26,1,Expected
07/I/AH,92,2,62,1,Expected
070/III/AN,92,2,43,1,Expected
072/I/AD,92,2,17,1,Expected
072/II/AP,92,3,24,1,Expected
072/IV/AF,92,2,56,1,Expected
074/III/AO,92,2,29,1,Expected
074/III/AO,92,2,61,1,Expected
074/VI/AL,90,2,17,1,Expected
075/I/AJ,92,2,60,1,Expected
076/III/AO,92,2,41,0,Late
078/II/AI,92,3,27,1,Expected
078/X/AM,90,3,70,1,Expected
079/III/AO,92,2,39,0,Late
08/I/AN,92,4,17,1,Expected
08/III/AO,92,2,105,1,Expected
080/III/AO,92,3,52,1,Expected
081/III/AL,92,2,42,1,Expected
081/III/AN,92,3,37,0,Late
081/III/AN,92,4,27,1,Expected
082/II/AK,92,2,41,1,Expected
082/II/AN,92,2,74,1,Expected
084/II/AG,92,3,42,1,Expected
085/I/AK,92,3,68,1,Expected
085/II/AK,92,2,55,1,Expected
085/III/AO,92,2,66,0,Late
085/III/AO,92,3,69,1,Expected
087/III/AJ,90,2,51,1,Expected
087/III/AO,92,2,61,0,Late
087/IV/AH,92,3,64,0,Late
089/III/AH,90,2,14,1,Expected
090/II/AJ,90,3,48,1,Expected
090/IV/AK,92,3,196,1,Expected
091/III/AO,92,2,193,1,Expected
092/III/AE,92,2,18,1,Expected
093/II/AH,92,2,27,1,Expected
093/II/AJ,92,2,46,1,Expected
093/III/AM,92,2,21,1,Expected
094/III/AN,92,3,14,1,Expected
095/III/AL,92,4,39,1,Expected
095/III/AL,92,4,106,0,Late
097/II/AE,92,3,44,1,Expected
097/IV/AN,92,2,20,1,Expected
098/III/AJ,92,2,21,1,Expected
099/II/AH,92,2,20,1,Expected
099/II/AH,92,2,66,1,Expected
1/III/AG,92,2,67,1,Expected
10/I/AF,92,3,49,1,Expected
10/I/AI,92,2,71,1,Expected
10/I/AL,92,2,21,1,Expected
10/I/AP,92,2,27,1,Expected
10/V/AJ,92,2,31,1,Expected
10/VII/AE,92,2,9,1,Expected
10/X/AG,90,2,87,1,Expected
10/XII/AG,92,2,106,0,Late
100/III/AM,92,3,41,1,Expected
100/IV/AN,92,2,20,1,Expected
100/IX/AH,92,2,48,1,Expected
100/IX/AJ,92,3,77,1,Expected
100/V/AE,92,2,36,1,Expected
100/VII/AG,92,2,87,1,Expected
100/X/AJ,92,2,41,1,Expected
100/XI/AB,92,2,47,1,Expected
100/XI/AM,92,2,56,1,Expected
100/XII/AL,92,2,77,1,Expected
101/V/AF,92,2,24,1,Expected
101/XI/AH,92,4,21,1,Expected
102/III/AQ,92,2,22,1,Expected
102/IV/AK,92,2,17,1,Expected
102/IV/AO,92,3,21,0,Late
102/VI/AG,92,2,28,0,Late
102/VI/AH,92,2,39,1,Expected
102/VI/AM,92,4,53,1,Expected
102/VIII/AL,92,2,40,1,Expected
103/III/AN,92,3,59,1,Expected
103/IV/AL,92,2,55,1,Expected
103/IV/AN,92,2,27,1,Expected
103/VI/AJ,92,2,29,1,Expected
104/IV/AH,92,2,18,1,Expected
104/IV/AO,92,2,43,1,Expected
104/IX/AJ,92,2,25,0,Late
104/IX/AJ,92,3,68,1,Expected
104/V/AL,92,4,62,1,Expected
104/VI/AK,92,2,39,0,Late
104/VIII/AI,92,3,80,0,Late
105/II/AF,92,2,31,1,Expected
105/II/AM,92,2,48,1,Expected
105/II/AO,90,2,38,1,Expected
105/III/AP,92,3,56,1,Expected
105/IV/AK,92,2,47,1,Expected
105/IV/AO,92,2,23,0,Late
105/V/AJ,92,2,31,1,Expected
105/V/AL,92,2,43,0,Late
105/VI/AK,92,2,25,1,Expected
105/XI/AH,92,2,23,1,Expected
106/IV/AP,92,3,43,1,Expected
106/X/AN,92,2,26,1,Expected
106/XI/AJ,92,2,21,1,Expected
106/XI/AM,92,3,81,0,Late
107/III/AL,92,2,63,0,Late
107/IV/AH,92,2,21,1,Expected
107/IV/AI,90,3,40,1,Expected
107/IV/AN,92,2,22,1,Expected
107/IV/AO,92,3,91,1,Expected
107/IV/AO,92,4,40,1,Expected
107/IX/AJ,92,2,58,0,Late
107/IX/AJ,92,3,46,1,Expected
107/VII/AG,92,2,10,1,Expected
107/VII/AI,92,2,160,1,Expected
107/VII/AI,92,4,51,1,Expected
107/VIII/AE,92,3,74,0,Late
108/III/AO,92,4,47,1,Expected
108/IV/AP,92,2,18,1,Expected
108/VI/AL,92,3,68,1,Expected
108/VII/AM,92,2,52,1,Expected
109/IX/AN,92,2,53,1,Expected
109/VIII/AL,92,2,39,1,Expected
109/VIII/AN,92,2,71,1,Expected
109/X/AK,92,2,18,1,Expected
11/I/AH,92,4,94,1,Expected
11/I/AJ,92,3,10,0,Late
11/I/AL,92,2,74,0,Late
11/II/AG,92,2,25,1,Expected
11/II/AO,92,2,46,1,Expected
11/III/AG,92,2,19,1,Expected
11/III/AH,92,2,49,1,Expected
110/VI/AJ,92,2,48,1,Expected
110/VIII/AL,92,2,19,1,Expected
111/IV/AK,92,2,11,1,Expected
111/IV/AL,92,3,49,1,Expected
111/IV/AN,92,2,26,0,Late
111/V/AH,92,2,67,0,Late
111/V/AH,92,3,62,1,Expected
111/V/AL,92,2,51,1,Expected
111/V/AP,92,3,41,1,Expected
111/VI/AJ,92,3,32,1,Expected
111/VI/AL,92,2,27,1,Expected
111/X/AJ,92,2,20,1,Expected
111/X/AJ,92,2,27,0,Late
112/IV/AM,92,2,20,1,Expected
112/IV/AM,92,3,56,1,Expected
112/IV/AN,92,2,18,1,Expected
112/IX/AM,92,2,51,1,Expected
112/V/AK,92,3,62,0,Late
113/IX/AG,92,2,74,1,Expected
113/V/AL,92,2,69,1,Expected
113/V/AP,92,2,88,1,Expected
113/X/AN,92,2,34,1,Expected
113/XII/AO,92,3,23,1,Expected
114/III/AP,92,2,30,1,Expected
114/IV/AI,92,2,48,1,Expected
114/IV/AK,92,2,32,0,Late
114/V/AL,92,2,86,1,Expected
114/VII/AM,92,2,32,0,Late
114/VIII/AN,92,3,25,1,Expected
115/X/AL,92,2,22,0,Late
115/X/AL,92,4,20,1,Expected
115/X/AN,92,2,69,1,Expected
115/XI/AK,92,2,7,1,Expected
115/XI/AL,92,3,49,1,Expected
116/III/AJ,92,2,65,1,Expected
116/III/AL,92,2,50,1,Expected
116/IV/AP,92,2,18,1,Expected
116/V/AK,92,2,74,1,Expected
116/V/AM,92,3,42,1,Expected
116/VI/AP,92,2,24,1,Expected
116/VII/AI,92,2,93,1,Expected
116/VII/AM,92,3,58,1,Expected
116/VIII/AL,92,2,73,1,Expected
117/III/AG,92,2,45,1,Expected
117/VI/AG,92,4,63,1,Expected
117/X/AJ,92,2,31,1,Expected
118/III/AH,92,2,35,1,Expected
118/IV/AL,92,2,25,1,Expected
118/IV/AL,92,3,21,1,Expected
118/IV/AM,92,2,33,1,Expected
118/VI/AK,92,3,60,0,Late
119/IV/AM,92,3,26,1,Expected
119/IX/AI,92,2,39,1,Expected
12/I/AK,92,2,21,1,Expected
12/I/AM,92,3,59,1,Expected
12/I/AM,92,2,73,1,Expected
12/I/AM,92,4,18,1,Expected
12/I/AM,92,3,38,1,Expected
12/I/AN,90,3,21,1,Expected
12/I/AN,92,3,35,0,Late
12/I/AN,92,2,16,1,Expected
12/II/AM,92,2,65,1,Expected
12/III/AK,92,2,58,1,Expected
120/II/AJ,92,2,21,1,Expected
120/III/AI,92,3,24,1,Expected
120/IV/AO,92,2,32,1,Expected
120/IV/AO,92,3,30,1,Expected
120/X/AN,92,2,42,0,Late
120/XII/AL,92,2,29,0,Late
121/III/AH,92,3,23,0,Late
121/IV/AI,92,2,29,1,Expected
121/IV/AO,92,2,30,1,Expected
121/VII/AG,92,3,18,1,Expected
121/X/AJ,92,2,41,1,Expected
122/IV/AL,92,3,89,1,Expected
122/IV/AM,92,2,88,1,Expected
122/V/AP,92,3,21,1,Expected
122/VIII/AQ,92,2,166,0,Late
123/III/AF,92,2,76,1,Expected
123/III/AI,92,2,21,1,Expected
123/IV/AL,92,2,21,1,Expected
123/IV/AQ,92,2,21,0,Late
123/X/AL,92,3,51,1,Expected
124/I/AI,92,2,186,1,Expected
124/VI/AL,92,2,55,1,Expected
124/VIII/AL,92,2,26,1,Expected
125/IX/AH,92,3,91,0,Late
125/VII/AQ,92,3,109,0,Late
126/V/AI,92,3,37,1,Expected
126/V/AJ,92,2,19,1,Expected
126/X/AH,92,2,70,1,Expected
126/X/AI,92,3,35,0,Late
127/III/AF,92,3,23,1,Expected
127/IX/AL,92,2,51,1,Expected
127/V/AG,92,2,15,1,Expected
127/V/AJ,90,2,48,1,Expected
127/VI/AJ,92,2,227,1,Expected
128/IX/AI,92,4,76,1,Expected
128/IX/AI,92,2,61,0,Late
128/VII/AJ,92,2,43,1,Expected
129/IX/AH,92,2,103,1,Expected
129/IX/AL,92,2,55,1,Expected
129/V/AK,92,2,24,1,Expected
129/VI/AL,92,2,21,0,Late
13/I/AI,92,2,70,1,Expected
13/I/AN,92,2,105,1,Expected
13/I/AO,92,2,24,0,Late
13/I/AP,92,2,28,0,Late
13/V/AH,92,3,84,1,Expected
13/VI/AF,92,3,68,1,Expected
130/V/AI,92,2,43,1,Expected
130/V/AM,92,2,21,0,Late
130/VII/AF,92,2,29,1,Expected
130/X/AJ,92,2,49,0,Late
130/X/AJ,92,4,23,1,Expected
131/IV/AO,92,2,22,0,Late
131/VIII/AM,92,2,79,1,Expected
131/X/AK,92,2,56,1,Expected
131/X/AK,92,3,58,0,Late
131/X/AL,92,2,86,1,Expected
131/XI/AL,92,2,72,1,Expected
132/IX/AL,92,2,26,1,Expected
132/VI/AJ,92,3,25,1,Expected
133/III/AG,92,2,35,1,Expected
133/III/AJ,92,3,68,1,Expected
133/IX/AL,92,4,13,1,Expected
133/V/AK,92,3,50,1,Expected
133/VII/AF,92,2,20,1,Expected
133/VII/AH,92,3,30,1,Expected
133/VII/AL,92,2,62,0,Late
134/IV/AQ,92,4,23,1,Expected
134/V/AF,92,2,21,1,Expected
134/V/AN,92,2,18,1,Expected
134/XI/AK,92,4,30,1,Expected
135/IV/AM,92,2,35,1,Expected
135/IV/AO,92,2,68,1,Expected
135/V/AL,92,2,44,1,Expected
135/VII/AL,92,4,38,1,Expected
135/XII/AL,92,2,45,1,Expected
136/IV/AK,92,2,28,1,Expected
136/IX/AK,92,2,20,1,Expected
136/V/AL,92,2,170,1,Expected
136/V/AM,92,2,43,1,Expected
136/VI/AK,92,2,84,1,Expected
136/VI/AM,92,3,20,1,Expected
136/VII/AH,92,2,113,1,Expected
137/IX/AL,92,2,24,1,Expected
137/V/AM,92,3,25,1,Expected
137/VI/AL,92,3,21,1,Expected
137/VI/AN,92,2,21,1,Expected
137/VII/AI,92,2,21,1,Expected
137/X/AL,92,3,23,1,Expected
137/XII/AN,92,2,22,1,Expected
138/III/AG,90,2,43,1,Expected
138/V/AK,92,2,111,1,Expected
138/V/AL,92,2,19,1,Expected
139/IV/AB,90,2,36,1,Expected
139/IV/AO,92,2,38,1,Expected
139/IX/AL,92,2,29,1,Expected
139/V/AN,92,2,89,1,Expected
14/I/AJ,92,4,44,1,Expected
14/I/AK,92,2,43,1,Expected
14/I/AK,92,2,21,1,Expected
14/I/AL,92,2,71,0,Late
14/I/AL,92,3,53,1,Expected
14/I/AN,92,2,54,1,Expected
14/I/AN,92,3,50,1,Expected
14/I/AO,92,2,31,1,Expected
14/I/AP,92,3,78,1,Expected
14/I/AP,92,2,56,1,Expected
14/II/AH,92,2,93,1,Expected
14/IV/AJ,92,2,43,1,Expected
14/IX/AG,92,4,63,1,Expected
14/V/AH,92,3,86,1,Expected
14/VI/AK,92,2,38,1,Expected
14/VI/AK,92,3,30,1,Expected
140/II/AL,92,2,46,1,Expected
140/V/AK,92,2,8,0,Late
140/V/AK,92,3,58,1,Expected
140/VII/AL,92,2,119,1,Expected
141/II/AI,92,2,42,1,Expected
141/IV/AQ,92,2,43,1,Expected
141/V/AD,92,2,22,1,Expected
141/V/AK,92,2,51,1,Expected
141/V/AK,111,3,27,1,Expected
141/V/AO,92,2,32,1,Expected
141/VI/AN,92,3,61,0,Late
141/X/AF,92,2,83,1,Expected
141/X/AN,92,2,22,1,Expected
142/V/AN,92,2,199,1,Expected
142/V/AN,92,2,9,1,Expected
142/VI/AN,92,2,50,0,Late
142/X/AL,92,2,15,1,Expected
143/III/AG,92,2,53,1,Expected
143/IX/AG,92,2,21,1,Expected
143/V/AM,92,2,82,1,Expected
143/VI/AH,92,2,21,1,Expected
143/VI/AN,92,2,56,1,Expected
143/XII/AK,92,3,22,1,Expected
143/XII/AL,92,2,91,0,Late
144/VI/AL,92,2,86,1,Expected
145/III/AE,92,2,40,0,Late
145/IV/AP,92,2,69,1,Expected
145/V/AM,92,3,49,1,Expected
145/V/AN,92,3,225,1,Expected
145/V/AO,92,2,29,1,Expected
146/IV/AG,92,2,42,1,Expected
146/IV/AP,92,2,67,1,Expected
146/V/AN,92,2,35,1,Expected
146/VI/AI,92,2,25,1,Expected
146/VII/AL,92,2,37,0,Late
146/X/AK,92,2,21,0,Late
146/XII/AF,92,2,18,1,Expected
146/XII/AL,92,2,49,1,Expected
146/XII/AN,92,2,37,0,Late
147/V/AD,92,2,19,0,Late
147/V/AN,92,2,24,1,Expected
147/VII/AH,92,2,68,1,Expected
147/X/AH,92,3,54,1,Expected
147/X/AI,92,3,82,1,Expected
148/XI/AL,92,2,27,1,Expected
149/VII/AL,92,2,18,0,Late
149/VII/AL,92,3,27,1,Expected
149/VIII/AJ,92,2,19,1,Expected
149/VIII/AK,92,2,35,1,Expected
149/XI/AH,92,4,29,1,Expected
149/XI/AK,92,2,32,1,Expected
15/I/AI,92,2,68,1,Expected
15/II/AG,92,3,126,1,Expected
15/II/AG,92,2,39,1,Expected
15/III/AM,92,2,30,0,Late
15/IX/AH,92,2,59,0,Late
150/IX/AL,92,2,71,1,Expected
150/VI/AE,92,3,73,1,Expected
150/VII/AQ,92,2,26,1,Expected
150/XII/AL,92,2,41,1,Expected
151/V/AM,92,2,81,1,Expected
151/XI/AK,92,2,21,0,Late
151/XII/AL,92,2,113,1,Expected
152/V/AH,92,2,61,1,Expected
152/V/AK,92,2,15,1,Expected
152/V/AM,92,2,68,1,Expected
152/V/AN,92,4,53,1,Expected
152/XI/AC,92,3,44,1,Expected
153/V/AM,92,2,49,1,Expected
153/VII/AK,92,3,49,1,Expected
153/VIII/AM,92,2,139,1,Expected
154/IV/AO,92,2,86,1,Expected
154/V/AF,92,4,31,1,Expected
154/VI/AJ,92,3,42,0,Late
154/VI/AK,114,3,26,1,Expected
154/VI/AK,92,2,40,1,Expected
154/X/AL,92,2,21,0,Late
154/XII/AH,49,2,43,0,Late
154/XII/AK,92,2,39,1,Expected
155/III/AI,92,3,21,1,Expected
155/IX/AM,92,2,24,0,Late
155/IX/AM,92,3,70,1,Expected
155/V/AL,92,2,35,1,Expected
155/V/AM,92,2,14,1,Expected
155/V/AM,92,2,49,1,Expected
155/V/AO,92,4,24,1,Expected
155/VI/AI,92,2,22,1,Expected
156/IV/AM,92,2,38,1,Expected
156/IV/AP,92,2,51,1,Expected
156/V/AK,92,2,32,1,Expected
156/X/AL,92,3,30,1,Expected
157/IV/AK,92,3,28,1,Expected
157/IX/AM,92,2,61,0,Late
157/V/AK,92,2,94,1,Expected
157/XI/AH,92,3,17,0,Late
158/III/AN,92,3,102,0,Late
158/V/AG,92,2,44,1,Expected
158/V/AM,111,3,20,1,Expected
158/V/AM,92,3,19,1,Expected
158/VI/AG,92,2,75,1,Expected
158/XII/AI,92,2,22,1,Expected
158/XII/AJ,92,2,24,1,Expected
158/XII/AL,92,2,63,1,Expected
158/XII/AL,92,2,17,0,Late
158/XII/AM,92,3,44,0,Late
159/V/AI,92,3,40,1,Expected
159/VI/AK,92,2,54,1,Expected
159/X/AL,92,2,21,1,Expected
16/I/AI,92,2,29,0,Late
16/I/AI,92,2,39,1,Expected
16/I/AK,92,2,69,1,Expected
16/I/AM,92,2,93,1,Expected
16/I/AP,92,2,168,1,Expected
16/II/AF,92,2,29,0,Late
16/II/AF,92,2,41,1,Expected
16/VI/AO,92,2,37,1,Expected
160/V/AF,92,2,50,1,Expected
160/V/AJ,92,2,19,1,Expected
160/V/AJ,92,2,57,1,Expected
160/V/AN,92,2,76,1,Expected
160/VII/AL,92,2,22,1,Expected
160/VIII/AL,92,2,101,1,Expected
160/XII/AM,92,3,49,1,Expected
161/III/AH,92,2,2,1,Expected
161/IV/AO,92,3,21,1,Expected
161/VI/AK,90,2,23,1,Expected
161/VI/AM,92,2,19,1,Expected
161/VI/AP,92,3,29,1,Expected
161/VII/AJ,92,3,64,1,Expected
161/VIII/AN,92,2,17,1,Expected
162/III/AJ,91,4,20,1,Expected
162/III/AK,92,2,45,0,Late
162/IV/AJ,92,3,29,0,Late
162/V/AL,92,2,47,1,Expected
162/V/AN,92,2,19,1,Expected
162/VI/AI,92,2,44,1,Expected
162/VI/AM,92,2,22,1,Expected
162/VII/AL,92,2,38,1,Expected
162/X/AK,92,2,20,1,Expected
162/X/AM,92,2,75,1,Expected
162/XI/AF,92,3,32,1,Expected
163/V/AJ,90,2,47,1,Expected
163/V/AQ,92,4,21,1,Expected
163/VII/AG,92,3,40,1,Expected
163/VII/AL,92,2,105,1,Expected
163/X/AH,92,2,84,1,Expected
163/XII/AM,92,3,45,1,Expected
164/VII/AJ,90,3,15,1,Expected
164/VIII/AH,92,2,22,0,Late
164/X/AL,92,3,20,1,Expected
165/V/AM,92,3,44,1,Expected
165/VII/AL,92,2,38,1,Expected
165/VIII/AP,92,2,24,0,Late
165/X/AL,92,2,20,1,Expected
166/IX/AI,92,2,54,1,Expected
166/V/AL,92,2,15,1,Expected
166/V/AN,92,2,89,1,Expected
166/VII/AM,92,2,48,0,Late
166/VII/AO,92,2,28,1,Expected
167/III/AI,92,4,53,1,Expected
167/III/AK,92,2,55,0,Late
167/IX/AJ,92,2,24,0,Late
167/V/AK,92,3,49,1,Expected
167/VI/AI,90,4,38,1,Expected
167/VII/AL,92,3,28,1,Expected
167/VII/AL,92,2,85,1,Expected
167/VII/AO,92,3,35,1,Expected
167/X/AL,92,2,88,0,Late
167/XI/AI,92,3,67,1,Expected
168/VII/AI,92,3,61,1,Expected
168/VII/AL,92,2,61,1,Expected
168/X/AM,92,2,71,1,Expected
169/III/AM,92,2,18,1,Expected
169/III/AN,92,2,18,1,Expected
169/V/AH,92,2,39,1,Expected
169/V/AQ,92,3,187,1,Expected
169/VI/AN,92,3,38,1,Expected
169/X/AL,122,4,23,1,Expected
169/X/AL,92,3,27,1,Expected
169/XI/AI,92,2,70,0,Late
169/XII/AJ,92,2,70,0,Late
17/I/AF,92,3,93,1,Expected
17/I/AG,92,2,20,1,Expected
17/I/AH,92,2,35,1,Expected
17/I/AK,92,2,21,1,Expected
17/I/AL,92,4,67,1,Expected
17/I/AQ,92,2,41,1,Expected
17/II/AK,92,2,21,0,Late
17/II/AK,92,3,98,1,Expected
17/III/AH,92,2,41,1,Expected
17/IV/AF,92,4,29,1,Expected
17/V/AH,92,2,30,1,Expected
17/V/AI,92,2,13,1,Expected
170/V/AJ,92,2,19,0,Late
170/VII/AL,92,2,70,1,Expected
170/X/AL,92,2,45,1,Expected
171/VI/AK,92,2,21,1,Expected
171/VI/AM,92,2,135,1,Expected
171/VII/AL,92,2,92,0,Late
171/VII/AM,92,2,34,1,Expected
171/VII/AP,92,3,15,1,Expected
171/X/AG,92,2,67,1,Expected
172/III/AK,92,3,16,1,Expected
172/IV/AH,92,2,30,1,Expected
172/IV/AL,92,2,27,1,Expected
172/VI/AG,92,2,29,1,Expected
172/VI/AJ,92,2,37,1,Expected
172/VII/AO,92,3,24,1,Expected
172/XII/AI,92,2,19,0,Late
172/XII/AI,92,2,18,1,Expected
172/XII/AI,92,3,21,0,Late
172/XII/AL,92,3,18,1,Expected
172/XII/AL,92,4,87,1,Expected
172/XII/AM,92,3,32,1,Expected
173/V/AI,92,3,74,1,Expected
173/VI/AG,92,3,20,1,Expected
173/VI/AM,92,2,34,1,Expected
173/VIII/AL,92,4,21,1,Expected
174/X/AF,92,2,53,1,Expected
175/V/AO,92,2,13,1,Expected
175/V/AO,92,2,38,1,Expected
176/V/AQ,92,3,22,1,Expected
176/VII/AE,92,2,22,1,Expected
176/VII/AG,92,2,60,1,Expected
177/V/AP,92,2,22,1,Expected
177/V/AQ,92,2,30,0,Late
177/VII/AK,92,2,29,1,Expected
177/VII/AN,92,2,19,0,Late
177/VIII/AN,92,3,39,1,Expected
179/V/AK,92,3,31,1,Expected
179/VI/AN,92,4,67,1,Expected
179/VII/AJ,92,2,24,1,Expected
179/X/AM,92,2,42,0,Late
179/XII/AN,92,2,15,1,Expected
18/I/AP,92,2,64,1,Expected
18/II/AE,92,2,62,1,Expected
18/II/AH,92,2,23,0,Late
180/IV/AH,90,2,23,1,Expected
180/IX/AP,92,2,86,1,Expected
180/V/AO,92,2,43,1,Expected
180/VIII/AL,92,2,28,1,Expected
180/X/AL,92,2,25,1,Expected
180/XII/AI,92,4,76,1,Expected
181/VI/AQ,92,2,169,0,Late
181/VII/AK,92,3,44,1,Expected
182/IX/AJ,92,2,25,1,Expected
182/V/AF,92,2,85,1,Expected
182/VI/AL,92,3,46,1,Expected
182/VI/AL,90,2,20,1,Expected
182/VIII/AL,92,2,32,1,Expected
183/V/AQ,92,2,92,1,Expected
184/III/AG,90,2,21,1,Expected
184/VI/AN,92,4,40,1,Expected
184/X/AI,92,2,87,1,Expected
185/IX/AK,92,2,79,1,Expected
185/VII/AK,92,2,29,1,Expected
185/VII/AP,92,2,20,1,Expected
185/X/AM,92,2,17,1,Expected
186/VI/AL,92,3,225,1,Expected
187/V/AP,92,2,20,1,Expected
187/V/AP,92,2,73,1,Expected
188/V/AO,92,2,41,1,Expected
188/V/AO,92,2,20,1,Expected
188/VII/AK,92,2,109,1,Expected
188/VII/AK,92,2,37,0,Late
188/VII/AN,92,2,88,1,Expected
188/VIII/AL,92,2,37,1,Expected
189/V/AK,92,2,22,1,Expected
189/VIII/AL,92,3,63,1,Expected
189/VIII/AO,92,2,24,1,Expected
19/I/AL,92,2,46,1,Expected
19/I/AO,92,2,22,1,Expected
19/II/AK,92,3,67,1,Expected
19/V/AI,92,2,72,1,Expected
190/V/AQ,92,2,68,0,Late
190/VII/AK,92,2,36,1,Expected
190/VIII/AL,92,2,28,1,Expected
190/XI/AK,92,2,47,1,Expected
191/VIII/AL,92,2,21,1,Expected
193/IX/AF,92,2,47,1,Expected
194/VIII/AJ,92,2,68,1,Expected
195/IV/AH,92,3,35,1,Expected
195/V/AO,92,2,52,1,Expected
195/VI/AO,92,2,33,1,Expected
196/VI/AG,90,2,43,1,Expected
196/VI/AN,92,2,21,1,Expected
196/VII/AK,92,2,29,1,Expected
197/IV/AK,92,2,20,1,Expected
197/VIII/AJ,92,2,22,1,Expected
197/VIII/AJ,90,3,15,1,Expected
197/X/AJ,92,2,8,1,Expected
198/IV/AP,92,2,31,1,Expected
198/X/AK,92,2,64,0,Late
199/VII/AK,92,3,20,1,Expected
199/VII/AK,92,3,31,1,Expected
199/VII/AK,92,3,42,1,Expected
199/X/AJ,92,2,19,1,Expected
2/I/AH,92,2,156,1,Expected
2/I/AJ,92,2,8,1,Expected
2/I/AL,92,4,145,1,Expected
2/I/AL,92,2,29,1,Expected
2/I/AN,92,2,196,1,Expected
2/I/AO,92,3,54,1,Expected
20/I/AK,92,4,63,1,Expected
20/I/AP,92,2,22,0,Late
20/I/AP,92,2,108,0,Late
20/II/AO,90,2,40,1,Expected
20/IV/AO,92,2,49,1,Expected
20/IX/AL,92,2,74,1,Expected
20/VI/AO,92,2,31,1,Expected
20/XI/AN,92,3,106,1,Expected
200/IV/AK,92,3,18,1,Expected
200/V/AQ,92,2,139,0,Late
200/VI/AM,92,2,49,1,Expected
200/VI/AO,92,4,47,1,Expected
200/VII/AL,92,4,25,1,Expected
200/VIII/AJ,92,3,116,0,Late
200/X/AJ,92,3,52,1,Expected
201/III/AI,92,2,62,1,Expected
201/IX/AO,92,2,39,1,Expected
201/VII/AI,92,2,21,0,Late
201/VII/AI,92,3,99,0,Late
201/VII/AI,92,4,64,1,Expected
201/X/AI,92,2,55,1,Expected
201/X/AK,92,2,65,1,Expected
201/XI/AL,92,2,24,0,Late
201/XII/AK,92,2,56,1,Expected
201/XII/AL,92,2,25,0,Late
202/VII/AI,90,2,44,1,Expected
204/II/AD,92,2,20,0,Late
204/VI/AG,92,2,46,1,Expected
204/VI/AJ,92,2,19,1,Expected
205/VI/AM,92,2,18,1,Expected
206/VII/AL,92,3,41,1,Expected
206/XI/AK,92,2,24,1,Expected
207/IX/AM,92,2,12,1,Expected
207/VII/AK,92,2,21,1,Expected
207/XI/AL,92,2,13,1,Expected
207/XII/AKL,92,2,16,0,Late
208/VII/AL,90,2,20,1,Expected
208/VII/AO,92,2,19,1,Expected
209/IX/AI,92,2,19,1,Expected
209/VII/AN,92,2,22,1,Expected
209/VIII/AK,92,2,76,1,Expected
209/XI/AJ,92,2,24,1,Expected
209/XII/AM,92,2,39,1,Expected
209/XII/AM,92,2,38,1,Expected
21/I/AJ,92,2,21,1,Expected
21/I/AK,92,2,29,1,Expected
21/I/AK,92,2,46,1,Expected
21/I/AK,92,2,63,1,Expected
21/I/AM,92,2,56,0,Late
21/II/AF,92,2,61,1,Expected
21/II/AG,92,2,24,1,Expected
21/II/AH,92,2,14,1,Expected
21/II/AH,92,2,67,0,Late
21/II/AH,92,3,33,0,Late
21/II/AL,92,2,77,0,Late
21/II/AL,92,2,29,1,Expected
21/II/AL,92,2,136,1,Expected
21/III/AI,92,2,26,1,Expected
21/IV/AA,92,2,21,1,Expected
21/VI/AO,92,2,22,1,Expected
210/I/AM,92,4,52,0,Late
210/IX/AM,92,3,43,1,Expected
210/VII/AJ,92,2,58,1,Expected
210/VII/AJ,92,2,42,1,Expected
211/III/AF,92,3,72,1,Expected
211/IV/AM,92,3,16,1,Expected
211/IX/AM,92,3,50,1,Expected
211/VII/AL,92,4,48,1,Expected
211/XI/AL,92,3,26,1,Expected
211/XII/AJ,92,3,17,1,Expected
211/XII/AK,92,2,19,1,Expected
211/XII/AL,92,2,33,1,Expected
212/X/AF,92,3,69,1,Expected
212/XI/AJ,90,2,38,1,Expected
212/XII/AG,92,2,19,1,Expected
213/VII/AL,92,3,33,1,Expected
213/XI/AL,92,2,75,1,Expected
213/XII/AK,92,3,33,1,Expected
214/VII/AF,90,2,32,1,Expected
214/VII/AN,92,2,40,1,Expected
215/IX/AI,92,4,38,0,Late
215/VI/AJ,92,2,59,1,Expected
215/VI/AJ,92,2,42,1,Expected
215/VI/AJ,92,3,60,1,Expected
215/VII/AI,92,2,59,1,Expected
215/XI/AK,92,3,55,1,Expected
215/XII/AJ,92,2,39,1,Expected
215/XII/AK,92,2,33,1,Expected
216/III/ALO,92,2,59,1,Expected
216/III/AM,92,2,19,1,Expected
216/IX/AJ,92,2,51,1,Expected
216/VII/AL,90,2,69,1,Expected
217/VI/AM,92,2,21,0,Late
217/VII/AK,92,2,45,1,Expected
217/XII/AL,92,3,15,0,Late
218/VII/AL,92,2,58,1,Expected
218/VII/AM,92,4,70,1,Expected
219/IX/AJ,92,3,21,1,Expected
219/IX/AM,92,2,92,1,Expected
219/VI/AO,92,2,35,1,Expected
219/VII/AL,92,2,62,1,Expected
219/VII/AL,92,3,37,1,Expected
219/X/AJ,92,2,22,1,Expected
219/X/AM,92,2,45,0,Late
219/X/AM,92,3,93,1,Expected
219/XI/AM,92,2,49,0,Late
22/I/AH,92,2,124,1,Expected
22/I/AJ,92,3,49,1,Expected
22/I/AK,92,2,53,1,Expected
22/I/AL,92,2,13,1,Expected
22/I/AL,92,3,16,1,Expected
22/I/AM,92,2,31,1,Expected
22/II/AL,92,2,19,0,Late
22/II/AM,92,2,41,1,Expected
22/II/AN,92,2,21,1,Expected
22/III/AF,92,2,100,0,Late
22/III/AL,128,3,37,0,Late
22/III/AL,92,3,36,0,Late
220/IV/AD,92,2,10,1,Expected
220/VI/AG,92,2,15,1,Expected
220/XII/AK,92,2,18,1,Expected
220/XII/AK,92,4,41,1,Expected
220/XII/AL,92,3,90,1,Expected
221/VI/AO,92,3,18,1,Expected
221/VII/AI,92,2,30,1,Expected
221/VII/AI,90,2,61,1,Expected
222/VI/AP,92,2,23,1,Expected
222/XII/AH,92,2,22,1,Expected
222/XII/AH,92,4,54,1,Expected
222/XII/AK,92,2,84,1,Expected
223/VIII/AL,92,2,48,1,Expected
223/X/AK,92,3,58,0,Late
223/XII/AL,92,2,28,1,Expected
223/XII/AL,92,2,37,1,Expected
224/VII/AD,92,4,37,1,Expected
224/XI/AJ,92,3,40,1,Expected
225/VIII/AJ,92,2,20,1,Expected
225/VIII/AO,92,2,42,1,Expected
226/VI/AO,92,2,40,1,Expected
226/VII/AI,92,2,28,1,Expected
226/X/AM,92,3,34,0,Late
226/XII/AK,92,2,39,1,Expected
227/IX/AH,92,2,60,1,Expected
227/VIII/AK,90,2,23,1,Expected
227/XII/AJ,92,2,55,1,Expected
228/VI/AQ,92,2,20,1,Expected
228/VIII/AO,92,2,21,1,Expected
229/IX/AP,92,2,17,0,Late
229/VII/AG,92,2,71,1,Expected
229/VII/AP,92,2,84,1,Expected
229/X/AJ,92,4,33,1,Expected
23/I/AL,92,2,53,1,Expected
23/I/AL,92,2,64,1,Expected
23/II/AJ,92,3,53,1,Expected
23/II/AM,92,2,154,1,Expected
231/V/AI,92,4,28,1,Expected
231/VIII/AL,92,2,49,1,Expected
231/XI/AG,92,2,58,1,Expected
232/VII/AD,92,4,45,1,Expected
232/VIII/AK,92,2,38,1,Expected
232/VIII/AL,92,2,28,1,Expected
232/XI/AK,92,2,34,1,Expected
233/VI/AQ,92,2,39,1,Expected
233/VIII/AM,92,4,64,1,Expected
233/X/AL,92,3,47,1,Expected
234/IX/AK,91,2,26,0,Late
234/IX/AK,92,2,28,1,Expected
234/V/AG,92,2,105,1,Expected
234/VII/AM,92,2,20,1,Expected
234/VII/AP,92,2,17,0,Late
234/XII/AK,92,2,70,1,Expected
236/VII/AK,92,2,20,1,Expected
236/VII/AP,92,2,11,1,Expected
237/VIII/AL,90,2,45,1,Expected
237/VIII/AM,92,2,44,1,Expected
237/VIII/AM,92,3,45,1,Expected
237/VIII/AM,92,3,26,1,Expected
237/X/AM,92,3,86,1,Expected
237/XI/AJ,92,2,77,1,Expected
237/XI/AL,92,2,19,1,Expected
237/XII/AL,92,2,98,1,Expected
237/XII/AN,92,4,62,1,Expected
238/VIII/AD,92,2,41,1,Expected
238/VIII/AL,92,2,18,1,Expected
238/XII/AL,92,2,90,1,Expected
239/VIII/AK,90,3,18,1,Expected
24/I/AG,92,4,86,1,Expected
24/I/AK,92,3,23,1,Expected
24/II/AL,92,2,40,1,Expected
24/II/AL,92,3,65,1,Expected
24/II/AL,92,2,24,1,Expected
24/III/AN,92,2,52,0,Late
24/IX/AK,92,3,55,1,Expected
24/VI/AI,92,3,42,1,Expected
24/VIII/AL,92,2,43,1,Expected
240/XII/AJ,92,2,82,1,Expected
241/VI/AI,92,2,50,1,Expected
241/VII/AM,91,2,59,1,Expected
241/XI/AJ,92,2,107,1,Expected
242/VI/AQ,92,2,38,0,Late
242/VII/AI,92,3,44,1,Expected
242/VIII/AM,92,2,19,1,Expected
243/VI/AQ,92,2,73,1,Expected
243/VIII/AI,92,3,23,1,Expected
243/VIII/AK,92,2,43,1,Expected
244/VIII/AM,92,3,19,1,Expected
244/X/AM,92,2,38,1,Expected
245/V/AM,92,2,38,0,Late
245/VIII/AQ,92,2,22,1,Expected
245/XI/AC,92,2,19,1,Expected
246/VI/AQ,92,2,47,1,Expected
246/XI/AI,92,2,36,1,Expected
247/VII/AK,92,4,31,1,Expected
247/XI/AM,92,2,32,1,Expected
248/IX/AO,92,2,28,1,Expected
248/VIII/AJ,92,2,85,0,Late
25/I/AL,92,2,24,1,Expected
25/I/AQ,92,3,45,1,Expected
25/II/AF,92,2,85,1,Expected
25/II/AL,92,3,27,0,Late
25/II/AM,92,3,51,1,Expected
25/II/AP,92,2,21,1,Expected
25/III/AG,92,2,57,1,Expected
25/IX/AG,92,2,19,1,Expected
25/V/AL,92,2,70,1,Expected
250/IX/AK,92,2,20,0,Late
250/VIII/AO,92,3,23,1,Expected
250/X/AK,92,2,23,1,Expected
250/XI/AM,92,3,62,1,Expected
250/XII/AJ,92,2,62,1,Expected
251/IV/AL,92,2,40,1,Expected
251/VII/AJ,92,3,61,0,Late
251/VII/AQ,92,2,190,1,Expected
251/X/AN,92,2,17,1,Expected
252/IX/AM,90,2,57,1,Expected
252/VIII/AL,90,2,36,1,Expected
252/VIII/AL,92,4,20,1,Expected
255/VIII/AK,92,3,254,1,Expected
255/XII/AG,92,2,16,1,Expected
256/XII/AN,92,3,79,1,Expected
257/VII/AF,92,2,18,1,Expected
257/XI/AH,92,3,99,0,Late
258/IX/AL,92,2,16,0,Late
258/IX/AL,92,3,66,1,Expected
258/VI/AJ,90,2,18,1,Expected
258/VII/AP,92,2,87,1,Expected
259/IX/AL,92,2,30,1,Expected
259/X/AK,92,2,87,0,Late
259/XII/AK,92,2,38,1,Expected
260/IX/AF,92,2,19,1,Expected
260/VII/AP,92,2,86,1,Expected
260/VIII/AF,92,2,31,1,Expected
260/VIII/AM,92,2,62,1,Expected
261/IX/AK,92,3,33,1,Expected
261/IX/AL,90,2,47,1,Expected
261/IX/AO,92,2,37,1,Expected
261/VI/AH,92,2,95,0,Late
261/X/AN,92,3,45,1,Expected
261/XII/AM,92,2,20,1,Expected
262/III/AN,92,2,36,0,Late
262/IX/AL,92,2,13,1,Expected
263/IX//AL,90,2,46,1,Expected
263/VII/AK,90,2,27,1,Expected
264/IX/AL,90,2,45,1,Expected
264/IX/AL,92,2,72,1,Expected
264/IX/AN,92,2,43,1,Expected
264/XII/AO,92,2,26,1,Expected
265/XII/AK,92,3,22,1,Expected
265/XII/AL,92,2,42,1,Expected
265/XII/AO,92,2,140,1,Expected
267/VII/AG,92,2,23,1,Expected
267/XI/AP,93,2,51,1,Expected
268/X/AJ,92,3,48,1,Expected
268/X/AK,92,2,44,1,Expected
268/XI/AM,92,2,44,0,Late
268/XI/AM,92,2,36,1,Expected
268/XII/AL,92,3,79,1,Expected
269/X/AK,92,2,17,1,Expected
269/X/AK,92,2,17,1,Expected
269/X/AK,92,2,44,1,Expected
269/XI/AL,92,2,30,1,Expected
27/I/AH,92,2,57,1,Expected
27/II/AE,92,2,98,1,Expected
27/II/AF,92,2,42,1,Expected
27/II/AG,92,3,16,1,Expected
27/V/AG,92,3,68,1,Expected
27/V/AH,92,4,48,1,Expected
270/II/AM,92,4,21,1,Expected
270/IX/AM,92,2,31,1,Expected
270/VIII/AI,92,2,70,1,Expected
270/XII/AK,92,2,22,1,Expected
271/VIII/AM,92,2,68,1,Expected
272/VIII/AI,92,2,33,1,Expected
272/VIII/AM,92,2,44,1,Expected
272/X/AK,92,2,30,1,Expected
272/XII/AJ,92,3,22,1,Expected
273/IX/AO,92,2,62,1,Expected
273/VIII/AH,91,4,46,1,Expected
273/VIII/AM,92,2,197,1,Expected
276/IX/AI,92,2,65,1,Expected
276/VI/AN,92,2,19,1,Expected
276/VIII/AD,90,2,30,1,Expected
277/VIII/AK,92,2,34,1,Expected
277/VIII/AP,92,2,55,1,Expected
278/IX/AN,92,2,49,1,Expected
278/VIII/AM,92,2,22,0,Late
278/X/AK,92,2,16,1,Expected
279/IX/AL,117,4,66,1,Expected
279/VI/AM,92,3,25,0,Late
279/XII/AH,92,2,20,1,Expected
28/II/AM,92,3,170,0,Late
28/II/AM,92,2,23,1,Expected
28/II/AO,92,3,67,0,Late
28/III/AF,92,2,42,1,Expected
28/IV/AH,92,2,24,1,Expected
28/V/AG,92,3,7,1,Expected
280/IX/AI,92,4,26,1,Expected
280/IX/AL,92,3,63,1,Expected
280/XI/AI,92,3,61,1,Expected
281/VII/AK,90,2,34,1,Expected
281/VII/AL,92,2,68,1,Expected
281/VII/AL,92,2,48,1,Expected
281/VII/AN,92,2,68,1,Expected
281/VIII/AP,92,3,19,0,Late
281/X/AK,92,2,133,1,Expected
283/VIII/AJ,92,2,37,1,Expected
283/X/AO,92,2,14,0,Late
284/VII/AQ,92,2,28,1,Expected
284/VIII/AG,92,4,33,1,Expected
284/X/AM,92,2,58,0,Late
284/XII/AL,92,2,52,1,Expected
285/IV/AN,92,2,60,1,Expected
285/VIII/AJ,92,4,64,1,Expected
285/VIII/AM,92,2,59,1,Expected
285/X/AL,92,3,44,0,Late
285/XII/AJ,92,2,78,1,Expected
286/IX/AP,92,3,42,1,Expected
286/VIII/AJ,91,2,57,1,Expected
286/X/AN,92,2,73,1,Expected
287/X/AK,92,3,36,1,Expected
288/XII/AM,92,2,49,1,Expected
289/X/AN,92,2,19,1,Expected
289/X/AO,92,2,30,1,Expected
29/I/AH,92,3,94,1,Expected
29/I/AN,92,2,69,1,Expected
29/V/AK,92,2,70,1,Expected
29/VI/AI,93,2,45,1,Expected
29/VII/AJ,92,3,70,0,Late
291/VII/AQ,92,2,11,0,Late
291/X/AH,92,2,40,1,Expected
291/XII/AJ,92,2,12,1,Expected
292/V/AK,92,2,24,1,Expected
293/X/AL,92,2,62,1,Expected
293/XII/AK,92,3,23,1,Expected
294/VII/AN,92,3,94,1,Expected
294/VIII/AJ,92,2,51,1,Expected
296/IX/AG,92,3,90,1,Expected
296/X/AH,92,3,104,1,Expected
297/IX/AO,92,2,23,1,Expected
297/IX/AP,92,2,42,1,Expected
297/XI/AM,92,2,27,1,Expected
298/VII/AN,92,2,80,1,Expected
298/X/AL,92,2,69,1,Expected
299/IX/AM,92,2,37,1,Expected
299/IX/AM,92,2,21,0,Late
299/IX/AM,92,2,27,1,Expected
299/VII/AN,92,2,42,1,Expected
299/X/AH,90,2,8,0,Late
299/X/AI,92,3,39,1,Expected
3/IV/AG,91,2,42,1,Expected
30/I/AF,92,2,72,1,Expected
30/I/AJ,92,3,34,0,Late
30/I/AK,92,2,169,1,Expected
30/I/AL,92,2,47,1,Expected
30/I/AN,92,2,52,1,Expected
30/I/AO,92,2,169,1,Expected
30/I/AP,92,2,14,1,Expected
30/I/AQ,92,2,17,1,Expected
30/II/AH,92,2,58,1,Expected
30/II/AH,92,3,23,0,Late
30/II/AH,92,2,34,1,Expected
30/II/AK,92,4,15,1,Expected
30/II/AL,92,2,24,0,Late
30/II/AM,92,3,42,1,Expected
30/II/AN,92,3,21,1,Expected
30/III/AO,92,2,23,1,Expected
30/IV/AK,92,2,23,0,Late
30/V/AG,92,3,68,0,Late
30/VII/AN,92,2,108,1,Expected
300/IX/AI,92,2,64,1,Expected
300/X/AL,92,2,45,1,Expected
300/XII/AN,92,2,20,0,Late
301/II/AL,92,3,34,1,Expected
301/IX/AL,92,2,25,0,Late
301/IX/AM,92,4,21,1,Expected
301/VI/AN,92,2,32,1,Expected
301/X/AI,92,2,21,1,Expected
301/XI/AH,92,3,99,1,Expected
301/XI/AJ,92,2,30,1,Expected
301/XII/AJ,92,2,81,1,Expected
301/XII/AK,92,2,23,1,Expected
302/VIII/AG,92,2,42,1,Expected
303/IX/AJ,92,4,25,1,Expected
303/X/AO,92,2,40,1,Expected
303/XII/AL,92,2,86,1,Expected
304/IX/AP,92,3,24,1,Expected
304/XI/AJ,92,2,20,1,Expected
305/VII/AN,92,2,34,1,Expected
305/X/AN,92,2,26,1,Expected
305/XI/AO,92,2,38,1,Expected
305/XII/AJ,92,2,40,1,Expected
306/VII/AN,92,2,14,1,Expected
307/XI/AJ,92,2,20,1,Expected
308/XII/AL,92,2,53,0,Late
309/VI/AN,92,2,29,0,Late
309/VIII/AK,92,2,22,1,Expected
309/X/AG,92,2,17,1,Expected
309/XI/AK,92,2,43,1,Expected
309/XII/AK,92,3,20,1,Expected
31/I/AJ,92,2,26,1,Expected
31/I/AK,92,3,48,1,Expected
31/I/AM,92,2,96,1,Expected
31/I/AM,90,4,47,1,Expected
31/II/AL,92,3,80,1,Expected
31/II/AL,92,2,14,1,Expected
31/II/AM,92,3,19,1,Expected
31/III/AE,92,2,9,1,Expected
31/III/AH,92,2,33,1,Expected
31/IV/AJ,92,3,38,1,Expected
310/X/AM,92,2,44,1,Expected
310/XI/AK,92,2,37,0,Late
310/XI/AK,90,2,90,1,Expected
310/XII/AH,92,3,53,1,Expected
310/XII/AI,92,4,68,1,Expected
311/XII/AJ,92,2,49,1,Expected
312/X/AL,92,2,29,1,Expected
313/XII/AJ,92,2,24,1,Expected
314/X/AK,92,2,74,1,Expected
315/X/AP,92,2,17,1,Expected
315/XII/AL,92,2,48,0,Late
315/XII/AM,92,2,78,1,Expected
316/XII/AL,92,2,36,1,Expected
317/XII/AM,92,2,29,1,Expected
319/XII/AL,92,2,15,1,Expected
32/I/AL,92,2,53,1,Expected
32/I/AL,92,3,28,1,Expected
32/I/AL,92,2,21,1,Expected
32/I/AL,92,3,89,1,Expected
32/I/AM,92,3,24,1,Expected
32/II/AI,90,2,24,1,Expected
32/II/AL,91,2,15,1,Expected
32/II/AL,92,3,57,1,Expected
32/III/AI,92,3,60,1,Expected
32/III/AL,92,3,23,0,Late
32/III/AL,92,2,31,0,Late
32/III/AL,92,2,106,0,Late
32/III/AL,92,3,101,1,Expected
32/IV/AN,92,3,18,1,Expected
32/IX/AH,92,2,50,1,Expected
32/XII/AL,92,3,77,1,Expected
320/X/AL,92,2,21,0,Late
320/XI/AM,92,3,21,1,Expected
321/IX/AN,92,4,41,1,Expected
321/VIII/AN,92,2,40,1,Expected
322/XI/AL,92,2,24,1,Expected
322/XI/AL,92,3,68,1,Expected
322/XII/AL,92,2,54,1,Expected
322/XII/AM,92,2,46,1,Expected
323/VI/AM,92,3,21,1,Expected
323/VIII/AN,92,2,51,1,Expected
323/X/AP,92,2,37,1,Expected
323/XI/AK,92,2,30,0,Late
323/XII/AL,92,2,49,1,Expected
324/IX/AK,90,2,42,1,Expected
324/IX/AK,92,2,68,1,Expected
324/XII/AK,92,2,28,1,Expected
324/XII/AM,92,2,89,1,Expected
326/IX/AG,92,2,74,1,Expected
326/VII/AK,92,2,34,0,Late
326/X/AP,92,2,35,1,Expected
326/XII/AK,92,2,62,1,Expected
327/VIII/AN,92,2,25,1,Expected
327/XI/AN,92,3,68,1,Expected
328/XI/AL,92,2,21,1,Expected
328/XII/AJ,92,2,20,1,Expected
329/IX/AJ,92,2,28,1,Expected
329/IX/AJ,92,4,70,1,Expected
33/I/AJ,92,2,71,1,Expected
33/I/AJ,92,3,19,0,Late
33/II/AM,92,3,26,1,Expected
33/III/AK,92,2,29,1,Expected
33/VI/AL,92,2,102,0,Late
330/V/AM,92,2,18,0,Late
331/XII/AC,92,3,105,1,Expected
332/XII/AK,92,2,96,1,Expected
333/XI/AL,92,2,22,1,Expected
333/XII/AM,92,2,18,1,Expected
334/IX/AK,92,2,46,1,Expected
334/XI/AM,92,2,21,1,Expected
334/XII/AM,92,2,44,1,Expected
335/X/AK,92,3,45,1,Expected
336/XII/AL,92,2,20,0,Late
336/XII/AL,92,3,42,1,Expected
337/III/AM,92,4,47,1,Expected
337/IX/AG,92,2,19,1,Expected
337/IX/AJ,92,3,20,1,Expected
337/VII/AN,92,2,66,1,Expected
337/XI/AK,92,2,53,1,Expected
337/XII/AP,92,2,185,1,Expected
338/XI/AL,92,2,20,1,Expected
339/XII/AC,92,2,77,1,Expected
34/II/AJ,92,2,24,1,Expected
34/II/AJ,92,2,30,1,Expected
34/II/AL,92,2,80,0,Late
34/II/AM,92,2,68,1,Expected
34/IV/AM,92,2,53,1,Expected
34/V/AI,92,2,19,1,Expected
340/XI/AK,92,2,151,0,Late
340/XI/AK,92,2,84,1,Expected
340/XII/AL,92,3,58,0,Late
340/XII/AL,92,2,23,1,Expected
340/XII/AL,92,3,33,1,Expected
341/I/AD,92,2,45,1,Expected
342/X/AD,92,2,31,1,Expected
342/XII/AK,92,3,30,1,Expected
343/VII/AO,92,3,52,1,Expected
343/XI/AI,92,2,35,0,Late
343/XI/AL,91,2,36,1,Expected
343/XII/AM,92,2,51,0,Late
343/XII/AO,92,2,21,1,Expected
344/VII/AO,92,2,24,1,Expected
345/XII/AJ,92,2,36,1,Expected
346/XI/AN,92,2,25,1,Expected
346/XII/AK,92,3,7,1,Expected
347/XI/AM,92,2,67,1,Expected
347/XII/AM,92,2,19,1,Expected
348/X/AK,92,4,22,1,Expected
349/XI/AN,92,2,32,1,Expected
349/XII/AM,92,2,91,1,Expected
35/I/AK,92,2,51,0,Late
35/I/AK,92,3,56,0,Late
35/I/AK,90,2,51,0,Late
35/I/AN,92,2,54,1,Expected
35/II/AF,90,3,61,0,Late
35/III/AK,92,2,26,1,Expected
35/IV/AF,92,3,23,1,Expected
35/IV/AO,92,2,34,1,Expected
35/X/AI,93,2,64,1,Expected
350/XII/AK,92,2,31,1,Expected
350/XII/AM,92,2,77,1,Expected
350/XII/AM,92,2,25,0,Late
351/VI/AN,92,2,16,1,Expected
352/VII/AO,92,3,21,1,Expected
352/VII/AO,92,3,35,0,Late
352/XI/AL,92,2,21,1,Expected
352/XII/AK,92,4,42,1,Expected
353/XI/AL,92,2,16,1,Expected
354/XII/AN,90,2,52,1,Expected
355/XII/AM,92,2,17,1,Expected
356/IX/AO,92,2,226,0,Late
356/X/AK,92,2,83,1,Expected
356/X/AN,92,2,21,1,Expected
357/IX/AF,92,2,29,1,Expected
357/XI/AL,92,2,17,1,Expected
359/XII/AK,92,2,61,1,Expected
36/II/AL,92,3,116,1,Expected
36/II/AN,92,3,40,1,Expected
36/III/AI,92,2,54,1,Expected
36/IV/AF,92,2,82,1,Expected
36/IV/AI,92,3,46,1,Expected
36/IV/AI,92,3,32,1,Expected
36/VII/AL,92,2,18,0,Late
36/VII/AL,92,4,40,1,Expected
360/X/AH,92,3,40,1,Expected
360/X/AH,90,4,19,1,Expected
360/XII/AK,92,2,85,1,Expected
360/XII/AL,92,2,20,0,Late
360/XII/AN,92,2,23,1,Expected
361/X/AH,92,3,55,0,Late
362/XII/AM,92,2,36,1,Expected
364/X/AK,92,2,68,1,Expected
364/XII/AJ,92,2,31,1,Expected
365/XII/AL,92,2,34,1,Expected
365/XII/AP,92,2,8,1,Expected
366/VII/AO,92,3,21,1,Expected
367/IV/AL,92,3,30,1,Expected
367/VI/AL,92,2,78,1,Expected
367/XII/AL,92,4,37,1,Expected
367/XII/AL,92,3,30,1,Expected
368/VIII/AO,92,2,68,1,Expected
368/X/AN,92,2,19,1,Expected
37/I/AN,92,3,67,1,Expected
37/III/AB,92,3,6,0,Late
37/III/AK,92,2,79,1,Expected
37/VII/AL,92,3,32,1,Expected
37/X/AG,92,2,64,1,Expected
37/X/AO,92,2,62,1,Expected
370/II/AG,92,3,40,1,Expected
370/VI/AL,92,2,50,1,Expected
370/XII/AM,92,2,35,1,Expected
371/XII/AP,92,2,16,0,Late
372/VII/AO,92,2,21,1,Expected
372/XII/AL,92,3,25,1,Expected
373/VIII/AN,92,2,42,1,Expected
374/XI/AL,92,3,81,1,Expected
376/XI/AL,92,2,52,1,Expected
376/XII/AL,92,2,37,1,Expected
376/XII/AM,92,3,19,1,Expected
376/XII/AM,92,2,28,1,Expected
377/VIII/AO,92,2,54,1,Expected
377/VIII/AO,92,2,106,1,Expected
378/X/AK,33,2,79,1,Expected
378/XII/AC,92,3,52,1,Expected
378/XII/AM,92,2,41,0,Late
379/X/AJ,92,3,45,1,Expected
38/I/AH,92,3,25,0,Late
38/I/AK,92,2,28,1,Expected
38/I/AP,92,3,41,0,Late
38/II/AK,92,3,99,1,Expected
380/X/AH,92,2,57,1,Expected
381/XI/AH,92,2,22,1,Expected
382/VIII/AO,92,2,11,1,Expected
382/X/AK,90,2,19,1,Expected
383/IX/AM,92,2,51,1,Expected
383/VIII/AO,92,3,19,1,Expected
383/XI/AN,92,3,12,1,Expected
383/XI/AN,92,2,76,1,Expected
384/VIII/AO,92,2,87,1,Expected
384/XII/AL,92,2,74,1,Expected
386/XI/AF,92,2,61,1,Expected
389/XII/AF,92,2,30,1,Expected
389/XII/AL,92,2,39,1,Expected
389/XII/AL,92,2,43,1,Expected
39/VII/AL,92,2,34,1,Expected
390/VIII/AN,92,3,22,1,Expected
390/XI/AF,90,2,14,1,Expected
391/XII/AH,92,2,61,1,Expected
392/XII/AG,92,2,43,1,Expected
393/IX/AP,92,2,96,1,Expected
393/XI/AN,92,2,47,1,Expected
393/XII/AL,92,3,22,1,Expected
394/IX/AI,92,2,17,1,Expected
394/XI/AN,92,2,42,1,Expected
394/XII/AK,92,2,40,1,Expected
394/XII/AL,92,3,30,0,Late
396/IX/AN,92,3,111,1,Expected
396/XII/AL,92,2,45,1,Expected
398/X/AI,92,2,37,1,Expected
398/XII/AG,90,2,54,1,Expected
4/I/AC,92,2,74,1,Expected
4/I/AG,92,2,11,1,Expected
4/I/AM,92,3,50,1,Expected
40/I/AP,92,2,21,1,Expected
40/II/AM,92,2,48,1,Expected
40/III/AH,92,2,43,1,Expected
40/III/AN,92,2,21,1,Expected
40/IV/AF,92,2,57,1,Expected
400/XII/AL,92,2,71,1,Expected
401/X/AJ,90,2,32,0,Late
401/XII/AK,92,3,23,0,Late
403/X/AO,92,2,21,0,Late
403/XII/AO,92,2,34,1,Expected
404/XII/AO,92,2,22,0,Late
405/VIII/AO,92,4,80,1,Expected
405/VIII/AO,92,2,19,0,Late
407/IX/AN,92,2,78,1,Expected
407/IX/AN,92,2,66,0,Late
407/XII/AE,92,2,32,1,Expected
408/II/AG,92,2,32,1,Expected
408/VIII/AM,92,2,18,1,Expected
408/XII/AJ,92,2,97,0,Late
408/XII/AN,92,4,138,1,Expected
409/XII/AK,92,4,25,1,Expected
41/II/AE,92,2,98,1,Expected
41/II/AM,92,2,50,1,Expected
41/II/AP,92,4,256,1,Expected
410/XII/AJ,92,2,25,1,Expected
410/XII/AN,92,2,19,1,Expected
411/XII/AN,92,2,70,1,Expected
412/VI/AL,92,2,77,1,Expected
413/XII/AO,92,3,26,1,Expected
415/XI/AN,92,2,28,1,Expected
415/XII/AN,92,3,24,1,Expected
416/IX/AO,92,4,39,1,Expected
417/XII/AI,92,2,18,1,Expected
417/XII/AK,90,2,18,0,Late
42/I/AL,92,3,79,1,Expected
42/II/AK,92,3,63,1,Expected
42/III/AE,92,2,70,1,Expected
42/III/AE,92,2,112,1,Expected
42/IV/AG,92,2,11,1,Expected
420/XII/AF,92,2,62,1,Expected
421/II/AK,92,2,19,1,Expected
421/XII/AD,92,3,43,1,Expected
422/XII/AJ,92,2,67,1,Expected
423/IX/AN,92,3,17,0,Late
424/IX/AN,92,2,32,0,Late
425/IX/AN,92,2,44,1,Expected
426/XII/AJ,92,3,32,1,Expected
43/II/AP,92,2,39,0,Late
43/III/AL,92,2,16,1,Expected
43/III/AM,92,3,116,1,Expected
43/III/AN,92,3,20,1,Expected
43/V/AM,92,2,61,1,Expected
431/XII/AJ,92,2,96,1,Expected
432/IX/AN,92,3,21,1,Expected
432/XII/AI,92,2,22,1,Expected
436/XI/AJ,92,2,92,1,Expected
437/XII/AJ,92,2,20,1,Expected
437/XII/AP,92,2,199,1,Expected
438/XI/AK,92,3,30,1,Expected
439/XII/AG,92,2,50,1,Expected
44/I/AH,92,4,20,0,Late
44/II/AK,92,4,39,1,Expected
44/II/AN,92,2,21,1,Expected
44/II/AN,92,3,19,1,Expected
44/V/AF,92,2,27,0,Late
44/VII/AL,92,2,70,1,Expected
44/XIII/AL,92,3,19,1,Expected
440/X/AN,92,3,24,1,Expected
441/XII/AG,90,2,15,1,Expected
442/XI/AJ,92,4,25,1,Expected
448/X/AM,92,3,19,0,Late
449/XII/AG,92,2,61,1,Expected
45/I/AJ,92,2,12,0,Late
45/I/AJ,90,2,55,1,Expected
45/I/AK,92,2,10,1,Expected
45/I/AL,92,2,30,1,Expected
45/II/AG,92,3,40,0,Late
45/III/AF,92,2,10,1,Expected
45/III/AH,92,2,52,0,Late
45/IV/AL,92,2,137,1,Expected
450/XII/AJ,90,2,52,1,Expected
451/XI/AN,92,2,54,1,Expected
455/XI/AH,90,2,36,1,Expected
456/X/AO,92,2,80,1,Expected
456/XII/AG,90,4,20,1,Expected
46/II/AK,92,3,20,1,Expected
46/II/AK,92,2,62,1,Expected
46/II/AK,92,2,83,1,Expected
46/VI/AN,92,2,66,1,Expected
46/XII/AN,92,2,57,1,Expected
461/XII/AN,92,2,108,0,Late
47/II/AO,92,3,41,1,Expected
47/III/AK,92,4,89,0,Late
47/IV/AL,92,2,59,1,Expected
470/XII/AN,92,3,168,0,Late
471/XII/AF,90,4,37,1,Expected
471/XII/AJ,92,2,44,1,Expected
475/XII/AO,92,2,33,1,Expected
478/XII/AM,92,2,22,0,Late
479/XII/AJ,92,2,45,1,Expected
48/II/AI,92,2,18,1,Expected
48/II/AI,92,2,43,0,Late
489/XI/AO,92,2,132,0,Late
49/IV/AJ,92,2,67,0,Late
49/IV/AJ,91,3,39,1,Expected
49/VII/AM,92,3,92,1,Expected
490/XII/AJ,92,2,46,1,Expected
494/XI/AO,92,3,44,1,Expected
497/XII/AM,92,2,39,1,Expected
5/I/AH,92,3,40,1,Expected
5/I/AJ,92,2,88,0,Late
5/I/AJ,92,2,23,1,Expected
5/I/AN,102,4,57,1,Expected
5/III/AG,92,2,21,1,Expected
5/III/AH,92,3,15,0,Late
5/III/AK,91,4,29,0,Late
5/IV/AH,92,2,44,1,Expected
5/XI/AH,92,2,23,1,Expected
50/II/AK,92,2,22,1,Expected
50/II/AK,92,3,50,1,Expected
50/II/AL,92,3,67,1,Expected
50/II/AN,92,2,79,0,Late
50/II/AN,92,3,81,1,Expected
50/II/AP,92,2,18,0,Late
50/III/AF,92,2,32,1,Expected
50/IV/AH,92,4,90,0,Late
50/IV/AK,92,4,25,1,Expected
50/V/AK,92,3,65,1,Expected
501/XII/AH,90,4,66,1,Expected
503/X/AL,92,2,44,0,Late
509/XII/AJ,92,2,35,1,Expected
51/IV/AL,92,2,39,1,Expected
51/VIII/AL,92,2,1,1,Expected
51/VIII/AM,92,2,70,0,Late
51/X/AL,92,2,66,0,Late
52/II/AN,92,2,23,1,Expected
52/II/AQ,92,2,38,1,Expected
52/VII/AM,92,3,61,0,Late
52/VII/AM,92,2,114,0,Late
52/VIII/AL,92,2,20,1,Expected
525/XI/AO,92,2,32,1,Expected
528/XII/AM,92,2,193,1,Expected
529/XI/AO,92,3,21,1,Expected
53/VIII/AI,92,3,48,1,Expected
53/X/AH,92,3,52,1,Expected
54/X/AI,92,2,97,1,Expected
543/IV/AN,92,4,34,1,Expected
55/I/AF,92,2,86,1,Expected
55/II/AN,92,2,94,1,Expected
55/III/AL,92,2,52,0,Late
55/III/AM,92,2,30,1,Expected
55/V/AN,92,2,25,1,Expected
55/VII/AM,92,2,67,0,Late
56/I/AC,92,3,28,0,Late
56/I/AK,92,2,21,1,Expected
56/I/AL,92,2,21,0,Late
56/II/AN,92,2,27,1,Expected
56/IX/AF,92,2,27,1,Expected
56/VII/AM,92,2,61,1,Expected
56/X/AF,92,4,17,1,Expected
56/X/AH,92,2,20,1,Expected
57/II/AQ,92,3,29,1,Expected
57/III/AF,92,2,37,0,Late
57/III/AF,92,4,40,1,Expected
57/III/AI,92,2,19,1,Expected
57/V/AL,92,2,71,1,Expected
58/III/AK,92,2,47,1,Expected
58/III/AK,92,3,35,1,Expected
58/X/AH,92,2,108,1,Expected
59/IV/AI,92,2,22,1,Expected
59/IV/AI,92,2,58,1,Expected
59/V/AI,92,2,108,0,Late
6/I/AK,92,4,31,1,Expected
6/I/AK,92,2,56,1,Expected
6/V/AE,92,2,81,1,Expected
60/I/AK,92,4,21,1,Expected
60/II/AM,92,4,76,1,Expected
60/II/AM,92,4,60,1,Expected
60/II/AN,102,2,112,1,Expected
60/III/AK,92,2,13,1,Expected
60/IV/AJ,92,3,80,1,Expected
60/IV/AJ,92,2,51,1,Expected
60/VII/AM,92,2,69,1,Expected
602/XII/AM,92,3,86,1,Expected
61/II/AM,92,2,37,1,Expected
61/II/AP,92,2,39,1,Expected
61/III/AK,92,2,26,1,Expected
61/III/AK,92,2,36,1,Expected
62/I/AK,92,2,67,1,Expected
62/II/AN,92,2,41,1,Expected
62/II/AN,92,2,45,1,Expected
62/VI/AK,92,2,21,1,Expected
62/VIII/AM,92,2,44,1,Expected
63//IV/AJ,92,3,63,0,Late
63/III/AA,92,2,46,1,Expected
63/IV/AC,92,2,98,0,Late
63/IV/AJ,92,2,23,0,Late
63/IV/AJ,92,3,62,1,Expected
63/IV/AL,92,2,14,0,Late
63/V/AH,92,2,69,1,Expected
63/VII/AI,92,2,23,1,Expected
63/XII/AG,92,3,44,1,Expected
64/II/AK,92,3,25,1,Expected
64/II/AK,92,3,72,0,Late
64/II/AL,92,4,64,0,Late
64/II/AM,92,3,92,0,Late
64/III/AL,92,2,22,1,Expected
64/III/AN,92,2,26,1,Expected
64/VII/AM,92,2,16,1,Expected
645/II/AM,92,3,43,1,Expected
65/II/AQ,33,2,102,0,Late
65/III/AM,92,2,52,1,Expected
65/VII/AF,92,2,15,1,Expected
66/II/AJ,92,3,50,0,Late
66/IV/AK,92,2,54,0,Late
67/III/AN,92,2,40,0,Late
68/IX/AM,92,2,70,1,Expected
681/XII/AM,92,2,16,1,Expected
69/II/AO,92,3,38,1,Expected
69/V/AK,92,2,105,1,Expected
7/I/AK,92,3,69,1,Expected
70/II/AK,92,2,32,1,Expected
70/II/AN,92,2,84,1,Expected
70/III/AN,92,2,42,1,Expected
70/VI/AI,92,2,30,0,Late
70/VII/AB,92,2,44,1,Expected
70/VII/AK,92,2,38,1,Expected
70/X/AF,90,2,55,1,Expected
70/X/AL,92,2,33,0,Late
70/X/AM,92,2,32,1,Expected
71/II/AC,92,3,20,1,Expected
71/IV/AM,91,2,17,1,Expected
72/II/AM,92,2,110,1,Expected
72/III/AH,92,2,94,1,Expected
72/III/AH,92,2,90,1,Expected
72/III/AJ,92,2,10,0,Late
72/III/AN,92,2,62,0,Late
72/V/AJ,92,3,59,1,Expected
72/V/AL,92,3,21,1,Expected
72/V/AL,92,2,48,1,Expected
72/VI/AF,92,3,113,1,Expected
72/VII/AI,92,4,22,1,Expected
72/VII/AJ,92,2,37,1,Expected
72/VII/AO,92,2,80,0,Late
72/VIII/AK,92,2,14,1,Expected
73/I/AM,92,2,43,1,Expected
73/III/AN,92,2,79,1,Expected
73/IV/AJ,92,2,40,1,Expected
73/IV/AJ,92,4,23,1,Expected
73/V/AJ,92,2,28,1,Expected
73/X/AL,92,2,40,1,Expected
74/IV/AG,92,2,22,0,Late
75/II/AH,92,2,66,1,Expected
75/II/AJ,92,3,45,0,Late
75/III/AF,92,2,13,1,Expected
75/III/AG,92,2,48,1,Expected
75/III/AH,92,2,63,1,Expected
75/IX/AM,92,2,61,0,Late
75/VI/AF,92,2,32,1,Expected
75/X/AF,92,2,27,1,Expected
75/X/AF,92,3,21,1,Expected
76/II/AJ,92,2,43,1,Expected
76/II/AK,92,2,28,0,Late
76/III/AH,92,3,13,1,Expected
76/III/AK,92,2,21,1,Expected
76/III/AN,92,2,51,0,Late
76/V/AL,92,2,62,1,Expected
76/VIII/AO,93,2,74,1,Expected
76/X/AL,92,2,21,1,Expected
77/II/AJ,92,2,27,0,Late
77/III/AI,92,4,34,0,Late
77/IX/AK,92,2,37,0,Late
77/V/AM,92,2,40,1,Expected
77/VI/AI,92,4,67,1,Expected
77/VI/AL,92,2,61,0,Late
77/X/AM,92,2,27,1,Expected
77/X/AM,92,2,48,1,Expected
78/III/AD,92,2,41,1,Expected
78/III/AN,92,2,39,1,Expected
78/III/AN,92,2,20,1,Expected
78/VIII/AI,92,4,166,1,Expected
78/X/AL,92,3,24,1,Expected
78/X/AL,92,3,195,1,Expected
79/VII/AB,92,2,21,1,Expected
79/X/AM,92,2,73,0,Late
8/I/AJ,92,2,39,1,Expected
8/I/AM,92,2,19,1,Expected
80/IV/AJ,90,2,70,1,Expected
80/IV/AM,92,4,67,1,Expected
80/IX/AM,92,2,31,1,Expected
80/X/AM,92,2,78,1,Expected
80/X/AO,92,2,83,1,Expected
81/III/AN,92,2,14,0,Late
81/III/AN,92,3,29,1,Expected
81/V/AL,92,2,60,1,Expected
81/VIII/AI,92,2,87,1,Expected
82/II/AK,92,2,126,1,Expected
82/II/AP,92,2,19,0,Late
82/III/AL,92,4,23,1,Expected
82/III/AO,92,2,91,1,Expected
82/III/AO,92,2,24,1,Expected
82/V/AN,92,2,74,1,Expected
83/III/AN,92,2,41,1,Expected
84/II/AH,92,3,36,1,Expected
84/IV/AJ,92,2,21,1,Expected
84/IV/AJ,92,2,38,1,Expected
84/IX/AI,92,2,25,1,Expected
84/V/AI,92,2,99,1,Expected
84/V/AJ,92,3,62,1,Expected
85/III/AQ,92,2,100,1,Expected
85/VI/AN,92,3,18,1,Expected
86/III/AP,92,2,49,1,Expected
87/III/AK,92,2,19,1,Expected
87/III/AK,92,2,34,1,Expected
87/III/AK,92,2,20,1,Expected
87/V/AI,92,2,90,1,Expected
87/V/AL,92,2,57,1,Expected
89/V/AL,92,2,29,1,Expected
9/I/AQ,92,2,30,0,Late
9/III/AC,92,2,17,1,Expected
9/V/AG,92,3,97,1,Expected
90/V/AI,92,4,42,1,Expected
90/VII/AJ,92,2,29,1,Expected
90/VIII/AM,92,2,27,1,Expected
90/X/AI,92,2,35,1,Expected
90/X/AM,92,2,37,1,Expected
91/III/AH,92,3,53,1,Expected
91/IV/AN,92,2,28,1,Expected
91/VI/AQ,92,2,177,1,Expected
91/X/AJ,92,2,71,0,Late
92/IV/AN,92,2,18,0,Late
92/VII/AI,92,2,19,0,Late
92/VIII/AI,92,2,97,1,Expected
92/VIII/AI,92,2,50,1,Expected
93/I/AK,92,2,20,1,Expected
93/III/AK,92,2,20,0,Late
93/III/AK,92,3,66,1,Expected
94/III/AO,92,2,92,1,Expected
95/V/AJ,92,2,104,0,Late
96/II/AJ,92,4,28,0,Late
96/V/AK,92,2,33,1,Expected
96/V/AL,92,3,20,1,Expected
96/VII/AK,92,3,69,1,Expected
96/XII/AH,92,2,9,1,Expected
97/III/AQ,4,2,107,1,Expected
97/XI/AM,92,2,8,1,Expected
98/II/AK,92,2,67,1,Expected
98/III/AM,92,2,27,1,Expected
98/III/AM,92,2,46,1,Expected
98/X/AK,92,2,102,0,Late
99/V/AL,92,2,79,0,Late
99/VI/AL,92,2,75,0,Late
99/VII/AN,92,2,79,1,Expected
